archivo,hoja,fila,codigo,oficina,jefatura_anterior,jefatura_nueva
Campos dashborad 28 sept.xlsx,Dashboard_KPI,810,1600,JEFATURA BARRANQUILLA,COSTA,JEFATURA BARRANQUILLA
Campos dashborad 28 sept.xlsx,Dashboard_KPI,811,3000,JEFATURA BOGOTA,BOGOTA,JEFATURA BOGOTA
Campos dashborad 28 sept.xlsx,Dashboard_KPI,812,3000,JEFATURA VILLAVICENCIO,BOGOTA,JEFATURA VILLAVICENCIO
Campos dashborad 28 sept.xlsx,Dashboard_KPI,813,1300,JEFATURA MEDELLIN,ANTIOQUIA,JEFATURA MEDELLIN
Campos dashborad 28 sept.xlsx,Dashboard_KPI,814,1300,JEFATURA MONTERIA,ANTIOQUIA,JEFATURA MONTERIA
Campos dashborad 28 sept.xlsx,Dashboard_KPI,815,6900,JEFATURA CALI,OCCIDENTE,JEFATURA CALI
Campos dashborad 28 sept.xlsx,Dashboard_KPI,816,6900,JEFATURA PASTO,OCCIDENTE,JEFATURA PASTO
Campos dashborad 28 sept.xlsx,Dashboard_KPI,817,6900,JEFATURA POPAYAN,OCCIDENTE,JEFATURA POPAYAN
Campos dashborad 28 sept.xlsx,Dashboard_KPI,818,1600,JEFATUTA SINCELEJO,COSTA,JEFATUTA SINCELEJO
Campos dashborad 28 sept.xlsx,Dashboard_KPI,819,1600,JEFATURA VALLEDUPAR,COSTA,JEFATURA VALLEDUPAR
Campos dashborad 28 sept.xlsx,Dashboard_KPI,820,1800,JEFATURA MANIZALES,CAFETERA,JEFATURA MANIZALES
Campos dashborad 28 sept.xlsx,Dashboard_KPI,821,1500,JEFATURA TUNJA,ORIENTE,JEFATURA TUNJA
Campos dashborad 28 sept.xlsx,Dashboard_KPI,822,6000,JEFATURA BUCARAMANGA,SANTANDERES,JEFATURA BUCARAMANGA
Campos dashborad 28 sept.xlsx,Dashboard_KPI,823,6000,JEFATURA CUCUTA,SANTANDERES,JEFATURA CUCUTA
Campos dashborad 28 sept.xlsx,Dashboard_KPI,824,3900,JEFATURA NEIVA,SUR,JEFATURA NEIVA
Campos dashborad 28 sept.xlsx,Dashboard_KPI,825,3900,JEFATURA IBAGUE,SUR,JEFATURA IBAGUE
CONTROL DE EQUIPOS MANTENIMIENTO.xlsx,Hoja1,810,1600,Jefatura de Operaciones Barranquilla,COSTA,JEFATURA BARRANQUILLA
CONTROL DE EQUIPOS MANTENIMIENTO.xlsx,Hoja1,811,3000,Jefatura de Operaciones Bogotá COB,BOGOTA,JEFATURA BOGOTA
CONTROL DE EQUIPOS MANTENIMIENTO.xlsx,Hoja1,812,3000,Jefatura de Operaciones Villavicencio,BOGOTA,JEFATURA VILLAVICENCIO
CONTROL DE EQUIPOS MANTENIMIENTO.xlsx,Hoja1,813,1300,Jefatura de Operaciones Medellin COB,ANTIOQUIA,JEFATURA MEDELLIN
CONTROL DE EQUIPOS MANTENIMIENTO.xlsx,Hoja1,814,1300,Jefatura de Operaciones Monteria,ANTIOQUIA,JEFATURA MONTERIA
CONTROL DE EQUIPOS MANTENIMIENTO.xlsx,Hoja1,815,6900,Jefatura de Operaciones Cali COB,OCCIDENTE,JEFATURA CALI
CONTROL DE EQUIPOS MANTENIMIENTO.xlsx,Hoja1,816,6900,Jefatura de Operaciones Pasto,OCCIDENTE,JEFATURA PASTO
CONTROL DE EQUIPOS MANTENIMIENTO.xlsx,Hoja1,817,6900,Jefatura de Operaciones POPAYAN,OCCIDENTE,JEFATURA POPAYAN
CONTROL DE EQUIPOS MANTENIMIENTO.xlsx,Hoja1,818,1600,Jefatura de Operaciones SINCELEJO,COSTA,JEFATUTA SINCELEJO
CONTROL DE EQUIPOS MANTENIMIENTO.xlsx,Hoja1,819,1600,Jefatura de Operaciones Valledupar,COSTA,JEFATURA VALLEDUPAR
CONTROL DE EQUIPOS MANTENIMIENTO.xlsx,Hoja1,820,1800,Jefatura de Operaciones Manizales COB,CAFETERA,JEFATURA MANIZALES
CONTROL DE EQUIPOS MANTENIMIENTO.xlsx,Hoja1,821,1500,Jefatura de Operaciones Tunja COB,ORIENTE,JEFATURA TUNJA
CONTROL DE EQUIPOS MANTENIMIENTO.xlsx,Hoja1,822,6000,Jefatura de Operaciones Bucaramanga COB,SANTANDERES,JEFATURA BUCARAMANGA
CONTROL DE EQUIPOS MANTENIMIENTO.xlsx,Hoja1,823,6000,Jefatura de Operaciones Cúcuta COB,SANTANDERES,JEFATURA CUCUTA
CONTROL DE EQUIPOS MANTENIMIENTO.xlsx,Hoja1,824,3900,Jefatura de Operaciones Neiva COB,SUR,JEFATURA NEIVA
CONTROL DE EQUIPOS MANTENIMIENTO.xlsx,Hoja1,825,3900,Jefatura de Operaciones IBAGUE,SUR,JEFATURA IBAGUE
CONTROL DE EQUIPOS MANTENIMIENTO.xlsx,Hoja3,810,1600,Jefatura de Operaciones Barranquilla,COSTA,JEFATURA BARRANQUILLA
CONTROL DE EQUIPOS MANTENIMIENTO.xlsx,Hoja3,811,3000,Jefatura de Operaciones Bogotá COB,BOGOTA,JEFATURA BOGOTA
CONTROL DE EQUIPOS MANTENIMIENTO.xlsx,Hoja3,812,3000,Jefatura de Operaciones Villavicencio,BOGOTA,JEFATURA VILLAVICENCIO
CONTROL DE EQUIPOS MANTENIMIENTO.xlsx,Hoja3,813,1300,Jefatura de Operaciones Medellin COB,ANTIOQUIA,JEFATURA MEDELLIN
CONTROL DE EQUIPOS MANTENIMIENTO.xlsx,Hoja3,814,1300,Jefatura de Operaciones Monteria,ANTIOQUIA,JEFATURA MONTERIA
CONTROL DE EQUIPOS MANTENIMIENTO.xlsx,Hoja3,815,6900,Jefatura de Operaciones Cali COB,OCCIDENTE,JEFATURA CALI
CONTROL DE EQUIPOS MANTENIMIENTO.xlsx,Hoja3,816,6900,Jefatura de Operaciones Pasto,OCCIDENTE,JEFATURA PASTO
CONTROL DE EQUIPOS MANTENIMIENTO.xlsx,Hoja3,817,6900,Jefatura de Operaciones POPAYAN,OCCIDENTE,JEFATURA POPAYAN
CONTROL DE EQUIPOS MANTENIMIENTO.xlsx,Hoja3,818,1600,Jefatura de Operaciones SINCELEJO,COSTA,JEFATUTA SINCELEJO
CONTROL DE EQUIPOS MANTENIMIENTO.xlsx,Hoja3,819,1600,Jefatura de Operaciones Valledupar,COSTA,JEFATURA VALLEDUPAR
CONTROL DE EQUIPOS MANTENIMIENTO.xlsx,Hoja3,820,1800,Jefatura de Operaciones Manizales COB,CAFETERA,JEFATURA MANIZALES
CONTROL DE EQUIPOS MANTENIMIENTO.xlsx,Hoja3,821,1500,Jefatura de Operaciones Tunja COB,ORIENTE,JEFATURA TUNJA
CONTROL DE EQUIPOS MANTENIMIENTO.xlsx,Hoja3,822,6000,Jefatura de Operaciones Bucaramanga COB,SANTANDERES,JEFATURA BUCARAMANGA
CONTROL DE EQUIPOS MANTENIMIENTO.xlsx,Hoja3,823,6000,Jefatura de Operaciones Cúcuta COB,SANTANDERES,JEFATURA CUCUTA
CONTROL DE EQUIPOS MANTENIMIENTO.xlsx,Hoja3,824,3900,Jefatura de Operaciones Neiva COB,SUR,JEFATURA NEIVA
CONTROL DE EQUIPOS MANTENIMIENTO.xlsx,Hoja3,825,3900,Jefatura de Operaciones IBAGUE,SUR,JEFATURA IBAGUE
